<beans xmlns="http://www.springframework.org/schema/beans"
	xmlns:xsi="http://www.w3.org/2001/XMLSchema-instance" xmlns:tx="http://www.springframework.org/schema/tx"
	xmlns:mvc="http://www.springframework.org/schema/mvc" xmlns:context="http://www.springframework.org/schema/context"
	xsi:schemaLocation="http://www.springframework.org/schema/beans http://www.springframework.org/schema/beans/spring-beans.xsd
       http://www.springframework.org/schema/tx http://www.springframework.org/schema/tx/spring-tx.xsd
       http://www.springframework.org/schema/mvc http://www.springframework.org/schema/mvc/spring-mvc.xsd
       http://www.springframework.org/schema/context http://www.springframework.org/schema/context/spring-context.xsd">

	<context:annotation-config />
	<context:component-scan base-package="com.bt">
		<context:exclude-filter type="annotation"
			expression="org.springframework.context.annotation.Configuration" />
	</context:component-scan>

	<!-- Getting Database properties -->
	<context:property-placeholder
		location="classpath:application.properties,classpath:cassandra.properties,classpath:mongo.properties"
		ignore-unresolvable="true" />

	<mvc:annotation-driven />

	<!-- Specifying the Resource location to load JS, CSS, Images etc -->
	<mvc:resources mapping="/static/**" location="/WEB-INF/static/" />
     <mvc:default-servlet-handler/>
 
 <bean id="btContext" class="com.bt.common.BTContext" />
</beans>